Workbook
Name Slicer_City: #N/A

Sheet Sheet1
A2: Name | B2: City | C2: Sales
A3: A | B3: Delhi | C3: 100
A4: B | B4: Mumbai | C4: 200
A5: C | B5: Delhi | C5: 150
A6: D | B6: Mumbai | C6: 300
A7: E | B7: Delhi | C7: 250

Sheet Sheet2
A3: Row Labels | B3: Sum of Sales
A4: Mumbai | B4: 500
A5: Grand Total | B5: 500
A11: Laptop
A12: Mobile
A13: Tablet
A14: Headphones
A15: Keyboard | C15: Delhi
A16: Mouse | C16: Mumbai
A17: Monitor | C17: Bangalore
C18: Chennai
C19: Hyderabad
C20: Kolkata
C21: Pune
C22: Jaipur
C23: Lucknow
C24: Ahmedabad

Sheet Sheet4
A3: Row Labels | B3: Sum of Sales
A4: Ahmedabad | B4: 13051
A5: Headphones | B5: 2320
A6: Keyboard | B6: 2630
A7: Laptop | B7: 2059
A8: Mobile | B8: 2307
A9: Monitor | B9: 1739
A10: Mouse | B10: 970
A11: Tablet | B11: 1026
A12: Bangalore | B12: 16835
A13: Headphones | B13: 1693
A14: Keyboard | B14: 3265
A15: Laptop | B15: 993
... A75: Grand Total | B75: 116217

Sheet Sheet3
B1: Name | C1: city | D1: Sales | E1: Product | F1: Quantity | G1: Date | H1: Category
B2: A1 | C2: =INDEX(Sheet2!$C$15:$C$24,RANDBETWEEN(2,10)) -> Chennai | D2: =RANDBETWEEN(100,1000) -> 510 | E2: =INDEX(Sheet2!$A$11:$A$17,RANDBETWEEN(1,7)) -> Mouse | F2: =RANDBETWEEN(1,50) -> 50 | G2: =TODAY()-RANDBETWEEN(1,100) -> 46061 | H2: =IF(OR(E2="Laptop",E2="Mobile",E2="Tablet",E2="Monitor"),"Electronics","Accessories") -> Accessories
B3: A2 | C3: =INDEX(Sheet2!$C$15:$C$24,RANDBETWEEN(2,10)) -> Lucknow | D3: =RANDBETWEEN(100,1000) -> 494 | E3: =INDEX(Sheet2!$A$11:$A$17,RANDBETWEEN(1,7)) -> Keyboard | F3: =RANDBETWEEN(1,50) -> 17 | G3: =TODAY()-RANDBETWEEN(1,100) -> 46115 | H3: =IF(OR(E3="Laptop",E3="Mobile",E3="Tablet",E3="Monitor"),"Electronics","Accessories") -> Accessories
B4: A3 | C4: =INDEX(Sheet2!$C$15:$C$24,RANDBETWEEN(2,10)) -> Hyderabad | D4: =RANDBETWEEN(100,1000) -> 647 | E4: =INDEX(Sheet2!$A$11:$A$17,RANDBETWEEN(1,7)) -> Keyboard | F4: =RANDBETWEEN(1,50) -> 4 | G4: =TODAY()-RANDBETWEEN(1,100) -> 46054 | H4: =IF(OR(E4="Laptop",E4="Mobile",E4="Tablet",E4="Monitor"),"Electronics","Accessories") -> Accessories
B5: A4 | C5: =INDEX(Sheet2!$C$15:$C$24,RANDBETWEEN(2,10)) -> Lucknow | D5: =RANDBETWEEN(100,1000) -> 940 | E5: =INDEX(Sheet2!$A$11:$A$17,RANDBETWEEN(1,7)) -> Monitor | F5: =RANDBETWEEN(1,50) -> 7 | G5: =TODAY()-RANDBETWEEN(1,100) -> 46103 | H5: =IF(OR(E5="Laptop",E5="Mobile",E5="Tablet",E5="Monitor"),"Electronics","Accessories") -> Electronics
B6: A5 | C6: =INDEX(Sheet2!$C$15:$C$24,RANDBETWEEN(2,10)) -> Bangalore | D6: =RANDBETWEEN(100,1000) -> 908 | E6: =INDEX(Sheet2!$A$11:$A$17,RANDBETWEEN(1,7)) -> Laptop | F6: =RANDBETWEEN(1,50) -> 3 | G6: =TODAY()-RANDBETWEEN(1,100) -> 46120 | H6: =IF(OR(E6="Laptop",E6="Mobile",E6="Tablet",E6="Monitor"),"Electronics","Accessories") -> Electronics
B7: A6 | C7: =INDEX(Sheet2!$C$15:$C$24,RANDBETWEEN(2,10)) -> Lucknow | D7: =RANDBETWEEN(100,1000) -> 895 | E7: =INDEX(Sheet2!$A$11:$A$17,RANDBETWEEN(1,7)) -> Tablet | F7: =RANDBETWEEN(1,50) -> 1 | G7: =TODAY()-RANDBETWEEN(1,100) -> 46069 | H7: =IF(OR(E7="Laptop",E7="Mobile",E7="Tablet",E7="Monitor"),"Electronics","Accessories") -> Electronics
B8: A7 | C8: =INDEX(Sheet2!$C$15:$C$24,RANDBETWEEN(2,10)) -> Jaipur | D8: =RANDBETWEEN(100,1000) -> 175 | E8: =INDEX(Sheet2!$A$11:$A$17,RANDBETWEEN(1,7)) -> Monitor | F8: =RANDBETWEEN(1,50) -> 24 | G8: =TODAY()-RANDBETWEEN(1,100) -> 46121 | H8: =IF(OR(E8="Laptop",E8="Mobile",E8="Tablet",E8="Monitor"),"Electronics","Accessories") -> Electronics
B9: A8 | C9: =INDEX(Sheet2!$C$15:$C$24,RANDBETWEEN(2,10)) -> Ahmedabad | D9: =RANDBETWEEN(100,1000) -> 228 | E9: =INDEX(Sheet2!$A$11:$A$17,RANDBETWEEN(1,7)) -> Mouse | F9: =RANDBETWEEN(1,50) -> 28 | G9: =TODAY()-RANDBETWEEN(1,100) -> 46094 | H9: =IF(OR(E9="Laptop",E9="Mobile",E9="Tablet",E9="Monitor"),"Electronics","Accessories") -> Accessories
B10: A9 | C10: =INDEX(Sheet2!$C$15:$C$24,RANDBETWEEN(2,10)) -> Jaipur | D10: =RANDBETWEEN(100,1000) -> 439 | E10: =INDEX(Sheet2!$A$11:$A$17,RANDBETWEEN(1,7)) -> Monitor | F10: =RANDBETWEEN(1,50) -> 10 | G10: =TODAY()-RANDBETWEEN(1,100) -> 46124 | H10: =IF(OR(E10="Laptop",E10="Mobile",E10="Tablet",E10="Monitor"),"Electronics","Accessories") -> Electronics
B11: A10 | C11: =INDEX(Sheet2!$C$15:$C$24,RANDBETWEEN(2,10)) -> Mumbai | D11: =RANDBETWEEN(100,1000) -> 868 | E11: =INDEX(Sheet2!$A$11:$A$17,RANDBETWEEN(1,7)) -> Mobile | F11: =RANDBETWEEN(1,50) -> 13 | G11: =TODAY()-RANDBETWEEN(1,100) -> 46065 | H11: =IF(OR(E11="Laptop",E11="Mobile",E11="Tablet",E11="Monitor"),"Electronics","Accessories") -> Electronics
B12: A11 | C12: =INDEX(Sheet2!$C$15:$C$24,RANDBETWEEN(2,10)) -> Chennai | D12: =RANDBETWEEN(100,1000) -> 734 | E12: =INDEX(Sheet2!$A$11:$A$17,RANDBETWEEN(1,7)) -> Monitor | F12: =RANDBETWEEN(1,50) -> 35 | G12: =TODAY()-RANDBETWEEN(1,100) -> 46053 | H12: =IF(OR(E12="Laptop",E12="Mobile",E12="Tablet",E12="Monitor"),"Electronics","Accessories") -> Electronics
B13: A12 | C13: =INDEX(Sheet2!$C$15:$C$24,RANDBETWEEN(2,10)) -> Chennai | D13: =RANDBETWEEN(100,1000) -> 146 | E13: =INDEX(Sheet2!$A$11:$A$17,RANDBETWEEN(1,7)) -> Headphones | F13: =RANDBETWEEN(1,50) -> 46 | G13: =TODAY()-RANDBETWEEN(1,100) -> 46098 | H13: =IF(OR(E13="Laptop",E13="Mobile",E13="Tablet",E13="Monitor"),"Electronics","Accessories") -> Accessories
... B201: A200 | C201: =INDEX(Sheet2!$C$15:$C$24,RANDBETWEEN(2,10)) -> Kolkata | D201: =RANDBETWEEN(100,1000) -> 316 | E201: =INDEX(Sheet2!$A$11:$A$17,RANDBETWEEN(1,7)) -> Laptop | F201: =RANDBETWEEN(1,50) -> 37 | G201: =TODAY()-RANDBETWEEN(1,100) -> 46063 | H201: =IF(OR(E201="Laptop",E201="Mobile",E201="Tablet",E201="Monitor"),"Electronics","Accessories") -> Electronics
